6162,algsecurity.com,www.algsecurity.com#
6873,alturasecurity.com,
7054,amazon-web-security.com,
7056,amazon-websecurity.com,
8005,ansssecurity.com,www.ansssecurity.com#
8987,arizonalockandsecurity.com,
11541,badsecurity.media,www.badsecurity.media#
11904,banksecuritycheck.com,
15621,bnsecuritysolutions.com,
16170,bossmobilesecurity.com,
19863,cationsecurity.com,
22100,citysecurity.company,
22683,cloudsecurityace.com,
23106,cocoro-security.com,
23537,combatcovid-19now.com,
23538,combatcovid-19now.info,
23803,computers-security.com,www.computers-security.com#mail.computers-security.com#
24707,covid-19pas.com,
25693,cryptosecuritytokens.net,
26421,cybersecurityinvestigators.com,
26422,cybersecuritythreatanalysts.com,
26423,cybersecuritythreatintelligence.com,
26424,cybersecurityxp.com,www.cybersecurityxp.com#
27045,dallassecuritygroup.com,
27890,deauthdevice-security.com,www.deauthdevice-security.com#
28172,dega.store,
29214,diariocovid-19.com,www.diariocovid-19.com#webmail.diariocovid-19.com#
31894,duqeisecurity.xyz,www.duqeisecurity.xyz#
36455,extreemcybersecurity.com,www.extreemcybersecurity.com#
37687,fetch-an-intl-cyber-security-course.fyi,
38133,findwpsecurity.com,
38936,flu-xpresscovid-19vouchers.com,
42932,globalsecurity-company.com,
46423,harfordsecurity.biz,
48890,hostpegasus.com,www.hostpegasus.com#autodiscover.hostpegasus.com#cpanel.hostpegasus.com#mail.hostpegasus.com#webdisk.hostpegasus.com#webmail.hostpegasus.com#whm.hostpegasus.com#
49279,hs-authsecurity-iverify.com,www.hs-authsecurity-iverify.com#
54232,jenalsecuritylimited.com,www.jenalsecuritylimited.com#autodiscover.jenalsecuritylimited.com#cpanel.jenalsecuritylimited.com#cpcalendars.jenalsecuritylimited.com#cpcontacts.jenalsecuritylimited.com#mail.jenalsecuritylimited.com#webdisk.jenalsecuritylimited.com#webmail.jenalsecuritylimited.com#
56225,k12safetyandsecuritysupportgroup.com,
61197,legionforcesecurityllc.com,www.legionforcesecurityllc.com#mail.legionforcesecurityllc.com#
62267,limitedsecuritymeasures.com,www.limitedsecuritymeasures.com#autodiscover.limitedsecuritymeasures.com#cpanel.limitedsecuritymeasures.com#cpcalendars.limitedsecuritymeasures.com#cpcontacts.limitedsecuritymeasures.com#mail.limitedsecuritymeasures.com#webdisk.limitedsecuritymeasures.com#webmail.limitedsecuritymeasures.com#
63875,loxalsecurityportal.com,
71157,mssecuritypro.com,
73865,new-payee-security.com,www.new-payee-security.com#
76306,officecovid-19tests.com,
76341,officialsecurityincorporated.com,www.officialsecurityincorporated.com#
76777,omeiguo-security.com,www.omeiguo-security.com#autodiscover.omeiguo-security.com#cpanel.omeiguo-security.com#cpcalendars.omeiguo-security.com#cpcontacts.omeiguo-security.com#mail.omeiguo-security.com#webdisk.omeiguo-security.com#webmail.omeiguo-security.com#
77148,onlinepayeesecurity.com,
4426,qmsecurity.com,www.qmsecurity.com#autodiscover.qmsecurity.com#cancerinformatics.qmsecurity.com#www.cancerinformatics.qmsecurity.com#cpanel.qmsecurity.com#directdirectory.qmsecurity.com#www.directdirectory.qmsecurity.com#machinista.qmsecurity.com#www.machinista.qmsecurity.com#mail.qmsecurity.com#rugby-union.qmsecurity.com#www.rugby-union.qmsecurity.com#stforum.qmsecurity.com#www.stforum.qmsecurity.com#webdisk.qmsecurity.com#webmail.qmsecurity.com#wisbech-town.qmsecurity.com#www.wisbech-town.qmsecurity.com#
85825,rcs-security.com,
89559,safespotsecurityservices.com,
90463,saugeenfirstnationsecurity.com,
91415,securingsecurity.com,
91416,security-blog-it.com,www.security-blog-it.com#
91417,security-isp.com,
91418,security-onlinepayee.com,www.security-onlinepayee.com#
91419,security-web-amazon.com,
91420,securityalphavd.com,www.securityalphavd.com#autodiscover.securityalphavd.com#cpanel.securityalphavd.com#cpcalendars.securityalphavd.com#cpcontacts.securityalphavd.com#mail.securityalphavd.com#webdisk.securityalphavd.com#webmail.securityalphavd.com#
91421,securitycareservices.com,
91422,securitycenterservices.com,www.securitycenterservices.com#
91423,securityengineer.company,
91424,securityforces.club,
91425,securityforfamilies.com,
91426,securityiok.com,
91427,securityreporters.com,
91428,securityrethought.com,
91429,securitywizards.xyz,
91442,sediantsecurity.net,
91443,sedientsecurity.net,
91941,sentinalsecurityhub.com,
92496,sg-securitymeasures.com,www.sg-securitymeasures.com#autodiscover.sg-securitymeasures.com#cpanel.sg-securitymeasures.com#cpcalendars.sg-securitymeasures.com#cpcontacts.sg-securitymeasures.com#lazada.sg-securitymeasures.com#www.lazada.sg-securitymeasures.com#limitedsecuritymeasures.sg-securitymeasures.com#www.limitedsecuritymeasures.sg-securitymeasures.com#mail.sg-securitymeasures.com#webdisk.sg-securitymeasures.com#webmail.sg-securitymeasures.com#
92634,shaktisecurityforce.com,
96580,speedy-security-master-update.space,
96588,speedysecuritymaster.space,
96589,speedysecuritymasterupdate.space,
97633,stetlersecurity.com,
97837,stonewallsecurityllc.com,
101194,tencentsecurity.com,www.tencentsecurity.com#
103296,thesecurityhaus.com,www.thesecurityhaus.com#autodiscover.thesecurityhaus.com#cpanel.thesecurityhaus.com#cpcalendars.thesecurityhaus.com#cpcontacts.thesecurityhaus.com#mail.thesecurityhaus.com#webdisk.thesecurityhaus.com#webmail.thesecurityhaus.com#
107449,ubsblockchainsecuritygmbh.com,www.ubsblockchainsecuritygmbh.com#cpanel.ubsblockchainsecuritygmbh.com#cpcalendars.ubsblockchainsecuritygmbh.com#cpcontacts.ubsblockchainsecuritygmbh.com#mail.ubsblockchainsecuritygmbh.com#webdisk.ubsblockchainsecuritygmbh.com#webmail.ubsblockchainsecuritygmbh.com#
110220,verify-accountsecurity.com,www.verify-accountsecurity.com#
110513,victorsecurity2.com,www.victorsecurity2.com#
112138,watersecuritysolutions.info,www.watersecuritysolutions.info#autodiscover.watersecuritysolutions.info#cpanel.watersecuritysolutions.info#cpcalendars.watersecuritysolutions.info#cpcontacts.watersecuritysolutions.info#mail.watersecuritysolutions.info#mis.watersecuritysolutions.info#www.mis.watersecuritysolutions.info#webdisk.watersecuritysolutions.info#webmail.watersecuritysolutions.info#
112373,web-security-amazon.com,
112952,wethepeoplesecurity.com,
114258,workplacecovid-19testing.com,
114259,workplacecovid-19tests.com,
120122,zoomphysicaltherapycovid-19.com,
